Country,Sex,Year,Age group,Mean height,Mean height lower 95% uncertainty interval,Mean height upper 95% uncertainty interval,Mean height standard error
Ireland,Boys,1985,5,113.4936444,110.6558719,116.4031323,1.467261803
Ireland,Boys,1985,6,119.6942863,117.0293808,122.4179048,1.390997835
Ireland,Boys,1985,7,125.4584193,122.8360295,128.1427083,1.357359508
Ireland,Boys,1985,8,130.9173278,128.3478705,133.583246,1.345508403
Ireland,Boys,1985,9,136.1929088,133.5648785,138.8310201,1.347336424
Ireland,Boys,1985,10,141.3978207,138.7198787,144.0403963,1.364372367
Ireland,Boys,1985,11,146.7297338,143.9918633,149.4298559,1.403407763
Ireland,Boys,1985,12,152.7245866,149.8372632,155.5453379,1.465824073
Ireland,Boys,1985,13,159.6124925,156.5574362,162.5955722,1.552751248
Ireland,Boys,1985,14,166.0341817,162.7467188,169.2737551,1.659637457
Ireland,Boys,1985,15,170.5925431,167.1108915,174.0747667,1.783937289
Ireland,Boys,1985,16,173.4882852,169.7536084,177.2178048,1.916768574
Ireland,Boys,1985,17,175.2545248,171.2651552,179.2176157,2.043407584
Ireland,Boys,1985,18,176.2952368,172.1167178,180.3912323,2.129781569
Ireland,Boys,1985,19,177.0730741,172.6274547,181.4429981,2.274157679
Ireland,Boys,1986,5,113.5687494,110.7777732,116.4856516,1.452281569
Ireland,Boys,1986,6,119.7758348,117.1400633,122.4811793,1.376196176
Ireland,Boys,1986,7,125.5399402,122.9390814,128.1828549,1.340020919
Ireland,Boys,1986,8,130.9905561,128.4752886,133.6173764,1.322794728
Ireland,Boys,1986,9,136.2589669,133.7431181,138.8270246,1.317719418
Ireland,Boys,1986,10,141.4670696,138.8658224,144.0300065,1.325032603
Ireland,Boys,1986,11,146.8114848,144.1790653,149.4456298,1.351153955
Ireland,Boys,1986,12,152.8257319,150.1129557,155.5370603,1.400410315
Ireland,Boys,1986,13,159.7300681,156.8547445,162.5808981,1.468754813
Ireland,Boys,1986,14,166.1560341,163.0812688,169.1778585,1.557937028
Ireland,Boys,1986,15,170.7326428,167.4578699,173.9582848,1.664058855
Ireland,Boys,1986,16,173.6144865,170.101958,177.1129461,1.780577971
Ireland,Boys,1986,17,175.3605356,171.6742824,179.0620704,1.890728935
Ireland,Boys,1986,18,176.3780705,172.5505632,180.1503984,1.957607125
Ireland,Boys,1986,19,177.1434875,173.0564902,181.165391,2.084203366
Ireland,Boys,1987,5,113.6209917,110.8468918,116.515021,1.436171591
Ireland,Boys,1987,6,119.8509398,117.2279195,122.5613118,1.358866331
Ireland,Boys,1987,7,125.6214887,123.0765072,128.2428969,1.322747074
Ireland,Boys,1987,8,131.072077,128.5715991,133.6617578,1.303010761
Ireland,Boys,1987,9,136.3321952,133.8756992,138.8890464,1.2922303
Ireland,Boys,1987,10,141.5331277,139.0316311,144.0579254,1.292598436
Ireland,Boys,1987,11,146.8807338,144.3088597,149.4136706,1.309011527
Ireland,Boys,1987,12,152.9074829,150.290251,155.5250036,1.34552591
Ireland,Boys,1987,13,159.8312134,157.0996697,162.5137995,1.401013602
Ireland,Boys,1987,14,166.2736097,163.396523,169.1024356,1.471595775
Ireland,Boys,1987,15,170.8544951,167.7962811,173.8908422,1.56032972
Ireland,Boys,1987,16,173.7545861,170.4873881,177.0103653,1.658336795
Ireland,Boys,1987,17,175.4867368,172.0907696,178.9444331,1.750699675
Ireland,Boys,1987,18,176.4840813,172.9795682,179.9811365,1.79734181
Ireland,Boys,1987,19,177.2263211,173.4796451,180.8776424,1.908075435
Ireland,Boys,1988,5,113.6472134,110.8857113,116.4950389,1.418202312
Ireland,Boys,1988,6,119.9031821,117.3111607,122.569895,1.34054471
Ireland,Boys,1988,7,125.6965937,123.1710433,128.2686615,1.303215337
Ireland,Boys,1988,8,131.1536255,128.7003556,133.7096123,1.283307634
Ireland,Boys,1988,9,136.4137161,133.984481,138.9298635,1.269947689
Ireland,Boys,1988,10,141.606356,139.1863173,144.0690063,1.264313771
Ireland,Boys,1988,11,146.9467919,144.4608813,149.4326857,1.273859122
Ireland,Boys,1988,12,152.9767318,150.4265814,155.5133401,1.300875774
Ireland,Boys,1988,13,159.9129644,157.2808347,162.519449,1.343710954
Ireland,Boys,1988,14,166.374755,163.6321521,169.0647927,1.401531386
Ireland,Boys,1988,15,170.9720707,168.1047453,173.8170169,1.471581005
Ireland,Boys,1988,16,173.8764384,170.8335508,176.9112923,1.552171987
Ireland,Boys,1988,17,175.6268364,172.4697591,178.7796367,1.624447831
Ireland,Boys,1988,18,176.6102825,173.3802794,179.7862703,1.648615632
Ireland,Boys,1988,19,177.3323319,173.8937118,180.6431898,1.743957995
Ireland,Boys,1989,5,113.6573073,110.9704526,116.4580116,1.397186767
Ireland,Boys,1989,6,119.9294038,117.3640846,122.5461785,1.320024444
Ireland,Boys,1989,7,125.748836,123.246068,128.2996914,1.282812135
Ireland,Boys,1989,8,131.2287305,128.810488,133.7223302,1.261577277
Ireland,Boys,1989,9,136.4952646,134.1180804,138.9857066,1.247802031
Ireland,Boys,1989,10,141.6878769,139.299732,144.1291927,1.239503182
Ireland,Boys,1989,11,147.0200202,144.5987585,149.4413584,1.242888152
Ireland,Boys,1989,12,153.0427899,150.5546221,155.505744,1.26321539
Ireland,Boys,1989,13,159.9822133,157.4389652,162.5137714,1.296754436
Ireland,Boys,1989,14,166.456506,163.8435145,168.9947706,1.341951679
Ireland,Boys,1989,15,171.073216,168.3343622,173.7788172,1.399140318
Ireland,Boys,1989,16,173.9940141,171.1558648,176.8508622,1.460571331
Ireland,Boys,1989,17,175.7486887,172.8025204,178.6975277,1.514185983
Ireland,Boys,1989,18,176.7503822,173.7670009,179.6637959,1.513230931
Ireland,Boys,1989,19,177.4585332,174.3101035,180.5132538,1.590892365
Ireland,Boys,1990,5,113.663687,110.9622074,116.3979663,1.374859589
Ireland,Boys,1990,6,119.9394977,117.4086709,122.509276,1.296362094
Ireland,Boys,1990,7,125.7750577,123.3156942,128.2767994,1.260025286
Ireland,Boys,1990,8,131.2809728,128.8666031,133.7416691,1.239070137
Ireland,Boys,1990,9,136.5703697,134.2263585,138.999684,1.223799466
Ireland,Boys,1990,10,141.7694254,139.418558,144.1617086,1.214934032
Ireland,Boys,1990,11,147.1015411,144.7554886,149.4519094,1.215645683
Ireland,Boys,1990,12,153.1160182,150.7234451,155.513259,1.229779163
Ireland,Boys,1990,13,160.0482714,157.6031145,162.5066268,1.256750451
Ireland,Boys,1990,14,166.525755,164.0179509,169.0305442,1.292835538
Ireland,Boys,1990,15,171.154967,168.5208667,173.7148427,1.337387212
Ireland,Boys,1990,16,174.0951594,171.4062869,176.7785514,1.385400454
Ireland,Boys,1990,17,175.8662644,173.1119714,178.6101879,1.418042566
Ireland,Boys,1990,18,176.8722345,174.1146526,179.5524546,1.393360949
Ireland,Boys,1990,19,177.5986328,174.7272748,180.3996668,1.450853825
Ireland,Boys,1991,5,113.6769944,111.0184956,116.3609084,1.34753321
Ireland,Boys,1991,6,119.9458775,117.4462217,122.4801452,1.271414003
Ireland,Boys,1991,7,125.7851516,123.3732232,128.2171849,1.234182404
Ireland,Boys,1991,8,131.3071945,128.9280435,133.7005792,1.214093939
Ireland,Boys,1991,9,136.6226119,134.3054537,138.9919591,1.199098606
Ireland,Boys,1991,10,141.8445305,139.5675267,144.1993312,1.188618075
Ireland,Boys,1991,11,147.1830896,144.8829294,149.492287,1.188801303
Ireland,Boys,1991,12,153.1975391,150.8514682,155.5245336,1.200287157
Ireland,Boys,1991,13,160.1214997,157.7101268,162.5114077,1.221037594
Ireland,Boys,1991,14,166.5918131,164.1373062,169.0354958,1.250610967
Ireland,Boys,1991,15,171.224216,168.6919784,173.7155387,1.286247094
Ireland,Boys,1991,16,174.1769104,171.5925345,176.7447652,1.321262151
Ireland,Boys,1991,17,175.9674097,173.3555293,178.5300393,1.338681823
Ireland,Boys,1991,18,176.9898101,174.4541521,179.4474251,1.287314929
Ireland,Boys,1991,19,177.7204851,175.0823845,180.2768202,1.325466501
Ireland,Boys,1992,5,113.6938778,111.1154046,116.3004228,1.314638524
Ireland,Boys,1992,6,119.9591848,117.5144009,122.4523338,1.24112075
Ireland,Boys,1992,7,125.7915314,123.4197529,128.1602466,1.207062518
Ireland,Boys,1992,8,131.3172884,128.9915464,133.6557634,1.186260174
Ireland,Boys,1992,9,136.6488336,134.3612836,138.9399699,1.17188857
Ireland,Boys,1992,10,141.8967728,139.637223,144.2007197,1.161689034
Ireland,Boys,1992,11,147.2581946,145.0158452,149.5274823,1.160288355
Ireland,Boys,1992,12,153.2790876,151.0180486,155.5510857,1.171369279
Ireland,Boys,1992,13,160.2030206,157.8497494,162.5221393,1.189439632
Ireland,Boys,1992,14,166.6650413,164.288047,169.0481596,1.212779304
Ireland,Boys,1992,15,171.2902741,168.8408133,173.6933528,1.241949077
Ireland,Boys,1992,16,174.2461593,171.7680348,176.728249,1.268026677
Ireland,Boys,1992,17,176.0491607,173.5474747,178.5106052,1.270904173
Ireland,Boys,1992,18,177.0909554,174.7452919,179.3687223,1.198887519
Ireland,Boys,1992,19,177.8380608,175.428755,180.211465,1.213972942
Ireland,Boys,1993,5,113.7195164,111.1931855,116.2406821,1.278440624
Ireland,Boys,1993,6,119.9760682,117.6217696,122.3726637,1.204918195
Ireland,Boys,1993,7,125.8048387,123.4903279,128.1434225,1.17447488
Ireland,Boys,1993,8,131.3236682,129.0559743,133.5918666,1.157119891
Ireland,Boys,1993,9,136.6589275,134.408148,138.9182363,1.142082254
Ireland,Boys,1993,10,141.9229944,139.7053159,144.1492394,1.132214502
Ireland,Boys,1993,11,147.3104369,145.0915989,149.5289462,1.131280077
Ireland,Boys,1993,12,153.3541927,151.1584484,155.5575969,1.140911264
Ireland,Boys,1993,13,160.2845692,157.9923148,162.5155263,1.158575666
Ireland,Boys,1993,14,166.7465623,164.3955269,169.0245629,1.179240553
Ireland,Boys,1993,15,171.3635024,168.9720492,173.7356652,1.202199954
Ireland,Boys,1993,16,174.3122174,171.8951579,176.7288248,1.221789128
Ireland,Boys,1993,17,176.1184096,173.7423341,178.4821643,1.214625296
Ireland,Boys,1993,18,177.1727064,174.9660759,179.2998906,1.123277226
Ireland,Boys,1993,19,177.939206,175.7274549,180.1147516,1.120495828
Ireland,Boys,1994,5,113.7477211,111.3049794,116.200506,1.239314936
Ireland,Boys,1994,6,120.0017068,117.6971422,122.3233906,1.165018466
Ireland,Boys,1994,7,125.8217221,123.5767656,128.0817899,1.135871822
Ireland,Boys,1994,8,131.3369755,129.1405246,133.5648866,1.122509224
Ireland,Boys,1994,9,136.6653073,134.4689228,138.8447999,1.110896066
Ireland,Boys,1994,10,141.9330884,139.7541784,144.0941981,1.100441289
Ireland,Boys,1994,11,147.3366586,145.1764982,149.4874644,1.099696113
Ireland,Boys,1994,12,153.406435,151.2546913,155.5630649,1.110094507
Ireland,Boys,1994,13,160.3596742,158.1613503,162.521786,1.126423381
Ireland,Boys,1994,14,166.8281108,164.566791,169.0470782,1.146595969
Ireland,Boys,1994,15,171.4450233,169.1052837,173.74415,1.166979326
Ireland,Boys,1994,16,174.3854457,172.0180692,176.7390582,1.180387881
Ireland,Boys,1994,17,176.1844677,173.8907948,178.4491265,1.166026861
Ireland,Boys,1994,18,177.2419554,175.1384908,179.2500404,1.060277827
Ireland,Boys,1994,19,178.0209571,175.9526956,180.0369911,1.041492331
Ireland,Boys,1995,5,113.7744138,111.3972466,116.1436365,1.19782999
Ireland,Boys,1995,6,120.0299115,117.7894475,122.2778771,1.1217825
Ireland,Boys,1995,7,125.8473607,123.693855,128.0346258,1.093346373
Ireland,Boys,1995,8,131.3538589,129.2209806,133.5146037,1.081911254
Ireland,Boys,1995,9,136.6786146,134.5826018,138.8199704,1.074283916
Ireland,Boys,1995,10,141.9394681,139.8421188,144.0498188,1.067183366
Ireland,Boys,1995,11,147.3467525,145.2140021,149.4304254,1.066147409
Ireland,Boys,1995,12,153.4326566,151.3124891,155.5255663,1.076792609
Ireland,Boys,1995,13,160.4119165,158.2639796,162.4990351,1.094042588
Ireland,Boys,1995,14,166.9032158,164.7172976,169.0699261,1.11306853
Ireland,Boys,1995,15,171.5265718,169.2757968,173.7116976,1.132849542
Ireland,Boys,1995,16,174.4669666,172.184182,176.7234567,1.143805815
Ireland,Boys,1995,17,176.257696,174.0769299,178.4411223,1.122891469
Ireland,Boys,1995,18,177.3080135,175.3170161,179.2184216,1.006735408
Ireland,Boys,1995,19,178.090206,176.1417456,179.987867,0.976048005
Ireland,Boys,1996,5,113.7849405,111.4953402,116.0772186,1.153474672
Ireland,Boys,1996,6,120.0566042,117.9037304,122.1923955,1.075841499
Ireland,Boys,1996,7,125.8755654,123.7904674,127.9484935,1.047253858
Ireland,Boys,1996,8,131.3794975,129.3304971,133.4597997,1.037277754
Ireland,Boys,1996,9,136.695498,134.6712856,138.742839,1.031787035
Ireland,Boys,1996,10,141.9527754,139.9451748,143.9717948,1.028561535
Ireland,Boys,1996,11,147.3531323,145.3080289,149.3976013,1.031014423
Ireland,Boys,1996,12,153.4427506,151.3890462,155.4525305,1.041926708
Ireland,Boys,1996,13,160.4381381,158.3552951,162.4777841,1.059474665
Ireland,Boys,1996,14,166.9554581,164.8533158,169.0519972,1.079454265
Ireland,Boys,1996,15,171.6016768,169.4197609,173.7522623,1.098417076
Ireland,Boys,1996,16,174.5485151,172.350176,176.7164301,1.108597815
Ireland,Boys,1996,17,176.3392169,174.2238523,178.4406085,1.084990124
Ireland,Boys,1996,18,177.3812418,175.480272,179.1997903,0.960445969
Ireland,Boys,1996,19,178.1562641,176.336181,179.9385999,0.922589825
Ireland,Boys,1997,5,113.7899511,111.5894578,115.9873904,1.110653081
Ireland,Boys,1997,6,120.0671309,118.0057307,122.1235644,1.026723249
Ireland,Boys,1997,7,125.9022581,123.9261647,127.88346,0.998375768
Ireland,Boys,1997,8,131.4077022,129.4329599,133.3768517,0.988965325
Ireland,Boys,1997,9,136.7211366,134.7584039,138.6883139,0.985217201
Ireland,Boys,1997,10,141.9696588,140.0321186,143.9344602,0.984230717
Ireland,Boys,1997,11,147.3664396,145.4013019,149.3230376,0.990631999
Ireland,Boys,1997,12,153.4491303,151.454471,155.4019914,1.005429894
Ireland,Boys,1997,13,160.4482321,158.4265492,162.4158277,1.023831484
Ireland,Boys,1997,14,166.9816798,164.9618261,169.020662,1.044087103
Ireland,Boys,1997,15,171.6539191,169.5340099,173.7437474,1.064090415
Ireland,Boys,1997,16,174.6236202,172.484222,176.7237629,1.07384192
Ireland,Boys,1997,17,176.4207655,174.3306603,178.4664501,1.049043426
Ireland,Boys,1997,18,177.4627627,175.653917,179.1983127,0.920296635
Ireland,Boys,1997,19,178.2294924,176.5039093,179.9345474,0.879138463
Ireland,Boys,1998,5,113.7836145,111.6850404,115.895836,1.068067302
Ireland,Boys,1998,6,120.0721415,118.1236072,122.0256983,0.979053809
Ireland,Boys,1998,7,125.9127848,124.0182659,127.7892423,0.946431572
Ireland,Boys,1998,8,131.4343949,129.5639249,133.2797871,0.938005731
Ireland,Boys,1998,9,136.7493414,134.8865793,138.5979888,0.93493136
Ireland,Boys,1998,10,141.9952974,140.1507967,143.849862,0.935879604
Ireland,Boys,1998,11,147.383323,145.494084,149.2646393,0.944846776
Ireland,Boys,1998,12,153.4624376,151.5276201,155.3523268,0.963966391
Ireland,Boys,1998,13,160.4546118,158.4887054,162.3376506,0.986592306
Ireland,Boys,1998,14,166.9917737,165.006361,168.9392072,1.008255634
Ireland,Boys,1998,15,171.6801408,169.6360355,173.7035593,1.028545017
Ireland,Boys,1998,16,174.6758625,172.6079521,176.7319645,1.039493038
Ireland,Boys,1998,17,176.4958705,174.5072786,178.4680807,1.014577981
Ireland,Boys,1998,18,177.5443112,175.7960251,179.2604912,0.883640608
Ireland,Boys,1998,19,178.3110133,176.6592954,179.9447122,0.843159153
Ireland,Boys,1999,5,113.7684901,111.7453947,115.7875244,1.025023275
Ireland,Boys,1999,6,120.0658049,118.2432981,121.897266,0.931579047
Ireland,Boys,1999,7,125.9177954,124.1259507,127.6909528,0.896023732
Ireland,Boys,1999,8,131.4449216,129.7006749,133.167547,0.884438789
Ireland,Boys,1999,9,136.776034,135.036421,138.5225445,0.882318224
Ireland,Boys,1999,10,142.0235022,140.2569267,143.7643787,0.883861581
Ireland,Boys,1999,11,147.4089616,145.644018,149.1658571,0.895266609
Ireland,Boys,1999,12,153.479321,151.6216745,155.2638091,0.91758447
Ireland,Boys,1999,13,160.4679192,158.5675972,162.2908426,0.94490914
Ireland,Boys,1999,14,166.9981534,165.067165,168.8727082,0.970971404
Ireland,Boys,1999,15,171.6902347,169.6824742,173.6436107,0.993308716
Ireland,Boys,1999,16,174.7020841,172.6960321,176.6880379,1.004806675
Ireland,Boys,1999,17,176.5481128,174.6154502,178.4616525,0.981098489
Ireland,Boys,1999,18,177.6194162,175.9230647,179.2675415,0.850458503
Ireland,Boys,1999,19,178.3925618,176.8129685,179.9666972,0.81383442
Ireland,Boys,2000,5,113.7610822,111.8271878,115.6859686,0.981291391
Ireland,Boys,2000,6,120.0506805,118.3267511,121.7895813,0.884291705
Ireland,Boys,2000,7,125.9114588,124.2341087,127.5809856,0.846192932
Ireland,Boys,2000,8,131.4499322,129.8076561,133.096572,0.83270993
Ireland,Boys,2000,9,136.7865607,135.1516505,138.376101,0.827839792
Ireland,Boys,2000,10,142.0501948,140.4208455,143.683023,0.830040751
Ireland,Boys,2000,11,147.4371663,145.7529222,149.0599115,0.842249569
Ireland,Boys,2000,12,153.5049596,151.7543054,155.1969361,0.8679073
Ireland,Boys,2000,13,160.4848026,158.6617886,162.2294572,0.898965146
Ireland,Boys,2000,14,167.0114608,165.1382497,168.8150152,0.930003127
Ireland,Boys,2000,15,171.6966145,169.7574791,173.5837348,0.956914641
Ireland,Boys,2000,16,174.7121781,172.7704617,176.6198129,0.971381341
Ireland,Boys,2000,17,176.5743344,174.700305,178.4076587,0.948854801
Ireland,Boys,2000,18,177.6716585,176.0265088,179.2789419,0.819940016
Ireland,Boys,2000,19,178.4676669,176.9412702,180.0390503,0.790678539
Ireland,Boys,2001,5,113.7722211,111.9283339,115.6043304,0.93792247
Ireland,Boys,2001,6,120.0432726,118.4057117,121.683461,0.836510557
Ireland,Boys,2001,7,125.8963344,124.3022773,127.4420507,0.79736247
Ireland,Boys,2001,8,131.4435956,129.8973885,132.9859802,0.782369293
Ireland,Boys,2001,9,136.7915714,135.2587509,138.3094509,0.77572919
Ireland,Boys,2001,10,142.0607215,140.5431482,143.5761116,0.77538758
Ireland,Boys,2001,11,147.463859,145.9153452,148.9975178,0.788264727
Ireland,Boys,2001,12,153.5331644,151.8969795,155.107256,0.815329709
Ireland,Boys,2001,13,160.5104411,158.7953787,162.136033,0.850519345
Ireland,Boys,2001,14,167.0283442,165.2342838,168.7214197,0.88567298
Ireland,Boys,2001,15,171.7099218,169.8258504,173.5190295,0.917835998
Ireland,Boys,2001,16,174.7185578,172.7951113,176.5532167,0.937315973
Ireland,Boys,2001,17,176.5844284,174.7498172,178.3651167,0.91914649
Ireland,Boys,2001,18,177.6978802,176.1377926,179.2443221,0.793455311
Ireland,Boys,2001,19,178.5199092,177.0319731,180.0731121,0.773467551
Ireland,Boys,2002,5,113.8235856,112.0839171,115.5690666,0.895484102
Ireland,Boys,2002,6,120.0544115,118.4835869,121.6065762,0.789366701
Ireland,Boys,2002,7,125.8889265,124.4012645,127.3403525,0.74869797
Ireland,Boys,2002,8,131.4284712,129.9744716,132.8557482,0.733985748
Ireland,Boys,2002,9,136.7852347,135.3482199,138.2207772,0.726216736
Ireland,Boys,2002,10,142.0657322,140.6662836,143.4832534,0.72391193
Ireland,Boys,2002,11,147.4743857,146.0376941,148.9054145,0.734869046
Ireland,Boys,2002,12,153.559857,152.0411653,155.0534856,0.76304593
Ireland,Boys,2002,13,160.5386459,158.9231255,162.0813494,0.800064934
Ireland,Boys,2002,14,167.0539828,165.330111,168.6356661,0.839890135
Ireland,Boys,2002,15,171.7268052,169.9416078,173.433509,0.876627556
Ireland,Boys,2002,16,174.7318651,172.9041435,176.5001825,0.901832404
Ireland,Boys,2002,17,176.5908081,174.7823951,178.2920681,0.889757687
Ireland,Boys,2002,18,177.7079741,176.1704428,179.2065319,0.771705565
Ireland,Boys,2002,19,178.5461308,177.0858838,180.0767315,0.76360411
Ireland,Boys,2003,5,113.9081012,112.2439578,115.5629369,0.855034659
Ireland,Boys,2003,6,120.105776,118.6319436,121.5518626,0.743054321
Ireland,Boys,2003,7,125.9000654,124.5148622,127.2883466,0.701254583
Ireland,Boys,2003,8,131.4210633,130.0665776,132.7754892,0.686868957
Ireland,Boys,2003,9,136.7701104,135.4289894,138.1252526,0.679766044
Ireland,Boys,2003,10,142.0593955,140.7204944,143.385938,0.676650364
Ireland,Boys,2003,11,147.4793963,146.1273954,148.8129484,0.685835884
Ireland,Boys,2003,12,153.5703838,152.1474915,154.9510113,0.713274532
Ireland,Boys,2003,13,160.5653386,159.0446658,162.0360949,0.751582184
Ireland,Boys,2003,14,167.0821875,165.4556188,168.5768281,0.793426932
Ireland,Boys,2003,15,171.7524438,170.0560764,173.3752538,0.835260799
Ireland,Boys,2003,16,174.7487485,172.9957234,176.4530035,0.865797381
Ireland,Boys,2003,17,176.6041154,174.8565053,178.2503046,0.860625426
Ireland,Boys,2003,18,177.7143539,176.2463466,179.1642359,0.753108969
Ireland,Boys,2003,19,178.5562248,177.0967324,180.0634808,0.76068846
Ireland,Boys,2004,5,114.0166731,112.4470378,115.5943989,0.816099068
Ireland,Boys,2004,6,120.1902916,118.8306619,121.5446631,0.69810855
Ireland,Boys,2004,7,125.9514299,124.6730991,127.2275791,0.65486055
Ireland,Boys,2004,8,131.4322022,130.1677463,132.7044678,0.641863653
Ireland,Boys,2004,9,136.7627025,135.545423,138.0318279,0.636065454
Ireland,Boys,2004,10,142.0442712,140.8083491,143.2920429,0.633770811
Ireland,Boys,2004,11,147.4730597,146.2142433,148.7348318,0.643035064
Ireland,Boys,2004,12,153.5753944,152.2387155,154.8660578,0.669444327
Ireland,Boys,2004,13,160.5758653,159.1536374,161.9658281,0.707962088
Ireland,Boys,2004,14,167.1088802,165.5818738,168.5657278,0.750942487
Ireland,Boys,2004,15,171.7806485,170.1456461,173.3155491,0.795036968
Ireland,Boys,2004,16,174.7743871,173.0790378,176.4073986,0.83125035
Ireland,Boys,2004,17,176.6209989,174.9344077,178.2300523,0.83291335
Ireland,Boys,2004,18,177.7276612,176.2766439,179.1538186,0.737901948
Ireland,Boys,2004,19,178.5626045,177.09286,180.0740451,0.765360681
Ireland,Boys,2005,5,114.1404658,112.6149341,115.634878,0.781157482
Ireland,Boys,2005,6,120.2988635,119.0317383,121.5699523,0.654271417
Ireland,Boys,2005,7,126.0359455,124.8520044,127.2309588,0.609557364
Ireland,Boys,2005,8,131.4835667,130.3082233,132.6434173,0.598466512
Ireland,Boys,2005,9,136.7738413,135.6252676,137.9632265,0.595614723
Ireland,Boys,2005,10,142.0368633,140.8699996,143.2174935,0.595483453
Ireland,Boys,2005,11,147.4579353,146.2785804,148.6335434,0.606160493
Ireland,Boys,2005,12,153.5690577,152.3189352,154.7995213,0.634087874
Ireland,Boys,2005,13,160.5808759,159.224996,161.9135998,0.672080229
Ireland,Boys,2005,14,167.1194069,165.6799355,168.5297455,0.715839325
Ireland,Boys,2005,15,171.8073412,170.2640583,173.2828096,0.760963702
Ireland,Boys,2005,16,174.8025919,173.1855383,176.3671978,0.800065503
Ireland,Boys,2005,17,176.6466374,175.0063437,178.2247078,0.808877742
Ireland,Boys,2005,18,177.7445446,176.3153403,179.1441776,0.726519102
Ireland,Boys,2005,19,178.5759118,177.1059848,180.1303237,0.776130553
Ireland,Boys,2006,5,114.243903,112.7736176,115.6882974,0.750890663
Ireland,Boys,2006,6,120.4226562,119.2291951,121.5989055,0.614932772
Ireland,Boys,2006,7,126.1445174,125.0470349,127.2450468,0.565404415
Ireland,Boys,2006,8,131.5680823,130.4687508,132.6511046,0.556442213
Ireland,Boys,2006,9,136.8252058,135.7476237,137.9161351,0.55755735
Ireland,Boys,2006,10,142.0480021,140.9521818,143.1620168,0.561781689
Ireland,Boys,2006,11,147.4505274,146.3211691,148.5959883,0.575926903
Ireland,Boys,2006,12,153.5539334,152.3575206,154.7595855,0.60605866
Ireland,Boys,2006,13,160.5745393,159.2837928,161.831794,0.646720527
Ireland,Boys,2006,14,167.1244175,165.7161327,168.4901595,0.690231742
Ireland,Boys,2006,15,171.8178679,170.3355452,173.2555078,0.736609372
Ireland,Boys,2006,16,174.8292845,173.2582697,176.3554794,0.777063555
Ireland,Boys,2006,17,176.6748422,175.0868607,178.2141583,0.790722532
Ireland,Boys,2006,18,177.7701832,176.3563062,179.1625631,0.72189256
Ireland,Boys,2006,19,178.5927952,177.0874239,180.1714731,0.791077846
Ireland,Boys,2007,5,114.3400604,112.9383638,115.730689,0.724743884
Ireland,Boys,2007,6,120.5260934,119.3952377,121.6367379,0.581624219
Ireland,Boys,2007,7,126.2683101,125.2599525,127.2861189,0.526421166
Ireland,Boys,2007,8,131.6766542,130.6644385,132.6842979,0.516252605
Ireland,Boys,2007,9,136.9097214,135.8942347,137.9297711,0.521667556
Ireland,Boys,2007,10,142.0993666,141.072136,143.1541735,0.531337956
Ireland,Boys,2007,11,147.4616663,146.365978,148.5489901,0.551587895
Ireland,Boys,2007,12,153.5465255,152.3937568,154.7174686,0.586415057
Ireland,Boys,2007,13,160.5594149,159.3077106,161.7864935,0.629443777
Ireland,Boys,2007,14,167.1180809,165.7690823,168.4365898,0.67650279
Ireland,Boys,2007,15,171.8228785,170.3924519,173.2416415,0.723117583
Ireland,Boys,2007,16,174.8398113,173.3056923,176.3578851,0.765579124
Ireland,Boys,2007,17,176.7015349,175.1483404,178.2286313,0.782274879
Ireland,Boys,2007,18,177.7983879,176.3750038,179.214818,0.726084638
Ireland,Boys,2007,19,178.6184338,177.0692439,180.25209,0.81287938
Ireland,Boys,2008,5,114.4089506,113.0364082,115.7482176,0.700818137
Ireland,Boys,2008,6,120.6222508,119.5359492,121.6840843,0.555038427
Ireland,Boys,2008,7,126.3717473,125.4115899,127.3308125,0.494931592
Ireland,Boys,2008,8,131.8004469,130.8767685,132.7421725,0.482242433
Ireland,Boys,2008,9,137.0182933,136.0955225,137.9875649,0.488762933
Ireland,Boys,2008,10,142.1838822,141.2098821,143.184678,0.504220494
Ireland,Boys,2008,11,147.5130308,146.4882862,148.5488501,0.531153526
Ireland,Boys,2008,12,153.5576643,152.4282816,154.6944412,0.573406167
Ireland,Boys,2008,13,160.552007,159.3254999,161.7751367,0.621471805
Ireland,Boys,2008,14,167.1029565,165.769442,168.4039704,0.670819115
Ireland,Boys,2008,15,171.8165419,170.3938425,173.2134553,0.72179675
Ireland,Boys,2008,16,174.8448219,173.3290337,176.3425222,0.765441639
Ireland,Boys,2008,17,176.7120616,175.1857413,178.2481191,0.786265971
Ireland,Boys,2008,18,177.8250806,176.3565232,179.2860348,0.740195572
Ireland,Boys,2008,19,178.6466386,177.0304572,180.3640185,0.842432507
Ireland,Boys,2009,5,114.4675985,113.1559555,115.7801617,0.682313864
Ireland,Boys,2009,6,120.691141,119.6361054,121.7158863,0.533590849
Ireland,Boys,2009,7,126.4679047,125.5567922,127.3846056,0.472846544
Ireland,Boys,2009,8,131.9038841,131.0137285,132.792068,0.457232112
Ireland,Boys,2009,9,137.142086,136.2598668,138.0626155,0.463169828
Ireland,Boys,2009,10,142.2924541,141.3793453,143.2441255,0.48133816
Ireland,Boys,2009,11,147.5975464,146.6171502,148.6037488,0.515147981
Ireland,Boys,2009,12,153.6090289,152.5278447,154.6972506,0.564348089
Ireland,Boys,2009,13,160.5631459,159.3464885,161.7590663,0.619995158
Ireland,Boys,2009,14,167.0955486,165.7728337,168.4020732,0.674359853
Ireland,Boys,2009,15,171.8014175,170.3717878,173.2048381,0.727721193
Ireland,Boys,2009,16,174.8384852,173.3056609,176.3602968,0.776652755
Ireland,Boys,2009,17,176.7170722,175.1338669,178.27722,0.800896094
Ireland,Boys,2009,18,177.8356073,176.3112093,179.3579853,0.765304105
Ireland,Boys,2009,19,178.6733312,176.996355,180.4646612,0.877526701
Ireland,Boys,2010,5,114.5164807,113.2204562,115.8245799,0.670777304
Ireland,Boys,2010,6,120.7497889,119.7188713,121.7688404,0.521492823
Ireland,Boys,2010,7,126.5367949,125.6506467,127.4340319,0.459278146
Ireland,Boys,2010,8,132.0000416,131.1504991,132.876447,0.443728639
Ireland,Boys,2010,9,137.2455233,136.3886904,138.1193456,0.447727286
Ireland,Boys,2010,10,142.4162468,141.5315858,143.3267112,0.466546706
Ireland,Boys,2010,11,147.7061183,146.750725,148.6982957,0.504108804
Ireland,Boys,2010,12,153.6935444,152.6233974,154.7782402,0.560123517
Ireland,Boys,2010,13,160.6145104,159.3964501,161.81251,0.621883477
Ireland,Boys,2010,14,167.1066875,165.7605667,168.4248548,0.68353536
Ireland,Boys,2010,15,171.7940096,170.3399364,173.225457,0.741892939
Ireland,Boys,2010,16,174.8233609,173.2598056,176.3696863,0.793506549
Ireland,Boys,2010,17,176.7107356,175.0736701,178.3240293,0.825048824
Ireland,Boys,2010,18,177.8406179,176.2465193,179.4339435,0.798478247
Ireland,Boys,2010,19,178.6838579,176.9222131,180.5072507,0.917370963
Ireland,Boys,2011,5,114.5606808,113.2702664,115.8883114,0.666748548
Ireland,Boys,2011,6,120.7986711,119.7643503,121.8047992,0.520173459
Ireland,Boys,2011,7,126.5954428,125.7089437,127.4902722,0.458473659
Ireland,Boys,2011,8,132.0689317,131.2281242,132.9432521,0.441337717
Ireland,Boys,2011,9,137.3416807,136.4834392,138.2234178,0.444682663
Ireland,Boys,2011,10,142.5196841,141.6416533,143.4225206,0.462154357
Ireland,Boys,2011,11,147.829911,146.8774999,148.8028346,0.500978015
Ireland,Boys,2011,12,153.8021163,152.7266959,154.8865969,0.560628549
Ireland,Boys,2011,13,160.699026,159.476431,161.9201163,0.628196676
Ireland,Boys,2011,14,167.158052,165.7984273,168.5007457,0.695092495
Ireland,Boys,2011,15,171.8051485,170.2993922,173.2805314,0.760412513
Ireland,Boys,2011,16,174.815953,173.2059428,176.4107122,0.817023165
Ireland,Boys,2011,17,176.6956112,174.9987068,178.3553312,0.852396457
Ireland,Boys,2011,18,177.8342813,176.1731065,179.4997846,0.837872809
Ireland,Boys,2011,19,178.6888686,176.8284905,180.6018195,0.96042741
Ireland,Boys,2012,5,114.5962428,113.2932217,115.9176074,0.671917165
Ireland,Boys,2012,6,120.8428712,119.8061452,121.8829089,0.53053647
Ireland,Boys,2012,7,126.644325,125.736457,127.5510558,0.471071608
Ireland,Boys,2012,8,132.1275796,131.2606438,133.0328619,0.45306099
Ireland,Boys,2012,9,137.4105708,136.5508053,138.3149888,0.45373626
Ireland,Boys,2012,10,142.6158415,141.7255005,143.5336913,0.469510815
Ireland,Boys,2012,11,147.9333482,146.9557025,148.915203,0.507214872
Ireland,Boys,2012,12,153.925909,152.8231379,155.029113,0.567867316
Ireland,Boys,2012,13,160.8075978,159.5657805,162.066826,0.638338284
Ireland,Boys,2012,14,167.2425676,165.8571824,168.6390702,0.710074272
Ireland,Boys,2012,15,171.856513,170.3326811,173.393674,0.780155416
Ireland,Boys,2012,16,174.8270918,173.1520969,176.4759873,0.843421475
Ireland,Boys,2012,17,176.6882033,174.9418435,178.4240278,0.884402834
Ireland,Boys,2012,18,177.8191569,176.0925167,179.553762,0.876806028
Ireland,Boys,2012,19,178.6825319,176.7399716,180.6661537,1.005298071
Ireland,Boys,2013,5,114.6282085,113.2869633,115.9790199,0.689963401
Ireland,Boys,2013,6,120.8784332,119.7993042,121.9517589,0.555618184
Ireland,Boys,2013,7,126.6885252,125.7297067,127.6546294,0.497711465
Ireland,Boys,2013,8,132.1764618,131.2562648,133.1144665,0.478552351
Ireland,Boys,2013,9,137.4692187,136.5731443,138.4144147,0.476218194
Ireland,Boys,2013,10,142.6847316,141.7631263,143.6440229,0.488294538
Ireland,Boys,2013,11,148.0295056,147.0140431,149.0603953,0.523170698
Ireland,Boys,2013,12,154.0293463,152.8803939,155.160416,0.582622212
Ireland,Boys,2013,13,160.9313906,159.6429868,162.1989399,0.653711884
Ireland,Boys,2013,14,167.3511395,165.9275216,168.7862486,0.727812018
Ireland,Boys,2013,15,171.9410286,170.3611168,173.5297757,0.801967625
Ireland,Boys,2013,16,174.8784564,173.1690941,176.5900229,0.869814826
Ireland,Boys,2013,17,176.6993422,174.9118041,178.5084074,0.917636204
Ireland,Boys,2013,18,177.811749,175.9760587,179.6226851,0.917577631
Ireland,Boys,2013,19,178.6674076,176.6243774,180.7537901,1.046768979
Ireland,Boys,2014,5,114.651698,113.2385062,116.0842007,0.726415893
Ireland,Boys,2014,6,120.9103989,119.7626361,122.089824,0.596802384
Ireland,Boys,2014,7,126.7240871,125.6816258,127.7856805,0.541244695
Ireland,Boys,2014,8,132.220662,131.2178928,133.2247559,0.518131437
Ireland,Boys,2014,9,137.5181009,136.5487527,138.5243575,0.511494494
Ireland,Boys,2014,10,142.7433795,141.7443448,143.7601529,0.518613268
Ireland,Boys,2014,11,148.0983958,147.0367194,149.1800825,0.548708901
Ireland,Boys,2014,12,154.1255037,152.9493791,155.3142293,0.604519446
Ireland,Boys,2014,13,161.0348278,159.7129802,162.3544932,0.674741792
Ireland,Boys,2014,14,167.4749322,166.0151106,168.9778275,0.749378016
Ireland,Boys,2014,15,172.0496005,170.4342232,173.7013998,0.825527789
Ireland,Boys,2014,16,174.962972,173.2099627,176.7386587,0.896868614
Ireland,Boys,2014,17,176.7507067,174.9135696,178.6326559,0.949485302
Ireland,Boys,2014,18,177.8228879,175.9262969,179.7111172,0.957541297
Ireland,Boys,2014,19,178.6599997,176.5438931,180.8330652,1.08765829
Ireland,Boys,2015,5,114.6701797,113.1514536,116.2196633,0.785268093
Ireland,Boys,2015,6,120.9338884,119.6652749,122.2154938,0.657603258
Ireland,Boys,2015,7,126.7560528,125.5941698,127.9266342,0.600204641
Ireland,Boys,2015,8,132.2562239,131.1371391,133.3821451,0.574045646
Ireland,Boys,2015,9,137.5623011,136.488837,138.6677385,0.55992065
Ireland,Boys,2015,10,142.7922617,141.7203037,143.883859,0.560409104
Ireland,Boys,2015,11,148.1570437,147.0185179,149.3037973,0.583469688
Ireland,Boys,2015,12,154.1943938,152.9594373,155.4533362,0.633848329
Ireland,Boys,2015,13,161.1309852,159.7486516,162.5056846,0.700522117
Ireland,Boys,2015,14,167.5783694,166.0542894,169.1254027,0.775004538
Ireland,Boys,2015,15,172.1733932,170.4965091,173.8875995,0.851713371
Ireland,Boys,2015,16,175.0715438,173.2512509,176.9165648,0.924696647
Ireland,Boys,2015,17,176.8352223,174.910576,178.7822692,0.980663483
Ireland,Boys,2015,18,177.8742524,175.8794547,179.8520593,0.994003244
Ireland,Boys,2015,19,178.6711385,176.4828193,180.9265214,1.126520338
Ireland,Boys,2016,5,114.6813305,112.9845056,116.4049552,0.871536175
Ireland,Boys,2016,6,120.9523701,119.5299913,122.393341,0.739527321
Ireland,Boys,2016,7,126.7795423,125.4611496,128.0848782,0.676499233
Ireland,Boys,2016,8,132.2881896,131.0371088,133.536193,0.643322741
Ireland,Boys,2016,9,137.597863,136.3941021,138.8150845,0.623266185
Ireland,Boys,2016,10,142.8364619,141.6455127,144.0424251,0.614209966
Ireland,Boys,2016,11,148.2059259,146.9974218,149.4317284,0.628497101
Ireland,Boys,2016,12,154.2530417,152.943611,155.5802266,0.670212847
Ireland,Boys,2016,13,161.1998754,159.7697418,162.6357488,0.731835845
Ireland,Boys,2016,14,167.6745268,166.0873069,169.2471673,0.803291048
Ireland,Boys,2016,15,172.2768304,170.5446433,174.044507,0.880627985
Ireland,Boys,2016,16,175.1953365,173.322629,177.1107127,0.954096417
Ireland,Boys,2016,17,176.9437941,174.9699998,178.967873,1.01153496
Ireland,Boys,2016,18,177.958768,175.9301758,180.0348442,1.028591426
Ireland,Boys,2016,19,178.722503,176.4372924,181.0248524,1.16052064
Ireland,Boys,2017,5,114.6919373,112.7535238,116.6291042,0.982688499
Ireland,Boys,2017,6,120.9635209,119.3268639,122.6135101,0.845291784
Ireland,Boys,2017,7,126.798024,125.3169321,128.2982335,0.770476999
Ireland,Boys,2017,8,132.3116791,130.8831378,133.7203447,0.72746782
Ireland,Boys,2017,9,137.6298288,136.256631,138.9839982,0.698050305
Ireland,Boys,2017,10,142.8720238,141.5408528,144.2103011,0.681407976
Ireland,Boys,2017,11,148.2501261,146.9334874,149.58523,0.684418069
Ireland,Boys,2017,12,154.3019239,152.9180131,155.7170574,0.715760185
Ireland,Boys,2017,13,161.2585232,159.7698116,162.7968234,0.768316362
Ireland,Boys,2017,14,167.743417,166.1055843,169.3834279,0.835519437
Ireland,Boys,2017,15,172.3729878,170.5851123,174.1888643,0.910380398
Ireland,Boys,2017,16,175.2987738,173.3577447,177.2566705,0.985127136
Ireland,Boys,2017,17,177.0675868,175.0250441,179.121256,1.042928658
Ireland,Boys,2017,18,178.0673399,175.9793005,180.1657411,1.061420382
Ireland,Boys,2017,19,178.8070186,176.4543483,181.1694566,1.192327592
Ireland,Boys,2018,5,114.7015875,112.5162128,116.9029659,1.114690295
Ireland,Boys,2018,6,120.9741277,119.1040694,122.8644302,0.972240924
Ireland,Boys,2018,7,126.8091748,125.0571377,128.5042743,0.884385097
Ireland,Boys,2018,8,132.3301608,130.7159292,133.9318518,0.826528883
Ireland,Boys,2018,9,137.6533182,136.116632,139.1626035,0.785917948
Ireland,Boys,2018,10,142.9039896,141.4121302,144.373944,0.758481361
Ireland,Boys,2018,11,148.285688,146.8418078,149.7449868,0.752333259
Ireland,Boys,2018,12,154.3461241,152.8671886,155.8637367,0.77120256
Ireland,Boys,2018,13,161.3074055,159.7374614,162.9213472,0.812975795
Ireland,Boys,2018,14,167.8020649,166.0865001,169.5163501,0.871323865
Ireland,Boys,2018,15,172.441878,170.597641,174.3146314,0.942729675
Ireland,Boys,2018,16,175.3949312,173.423604,177.4252745,1.015520989
Ireland,Boys,2018,17,177.1710241,175.0872707,179.2811344,1.07503752
Ireland,Boys,2018,18,178.1911326,176.0236678,180.3136203,1.093533621
Ireland,Boys,2018,19,178.9155905,176.508799,181.3047363,1.221599109
Ireland,Boys,2019,5,114.7101326,112.2368913,117.2047919,1.265056491
Ireland,Boys,2019,6,120.9837779,118.8255181,123.1825905,1.116660125
Ireland,Boys,2019,7,126.8197816,124.8397519,128.8034772,1.016569685
Ireland,Boys,2019,8,132.3413117,130.5082745,134.1592578,0.942946703
Ireland,Boys,2019,9,137.6718,135.9356212,139.3717741,0.886789856
Ireland,Boys,2019,10,142.927479,141.2759584,144.554531,0.847435491
Ireland,Boys,2019,11,148.3176537,146.6929327,149.904734,0.828896573
Ireland,Boys,2019,12,154.3816861,152.773884,156.0249128,0.837455734
Ireland,Boys,2019,13,161.3516056,159.6852046,163.0502648,0.866630018
Ireland,Boys,2019,14,167.8509471,166.0617099,169.6618519,0.914469034
Ireland,Boys,2019,15,172.5005259,170.5734566,174.4489639,0.977293176
Ireland,Boys,2019,16,175.4638213,173.4336173,177.549263,1.047379636
Ireland,Boys,2019,17,177.2671815,175.0951207,179.4473473,1.105481011
Ireland,Boys,2019,18,178.2945698,176.0615235,180.4527066,1.125507538
Ireland,Boys,2019,19,179.0393832,176.6027718,181.5208601,1.249330335
Ireland,Girls,1985,5,112.5700831,110.3319008,114.8869163,1.157415428
Ireland,Girls,1985,6,118.5078165,116.3881981,120.6261874,1.080983952
Ireland,Girls,1985,7,124.0364914,121.9256338,126.0877146,1.055162942
Ireland,Girls,1985,8,129.427606,127.3200186,131.4829377,1.053912506
Ireland,Girls,1985,9,134.9511106,132.8172058,137.0132208,1.064909083
Ireland,Girls,1985,10,140.8629652,138.699908,142.9694959,1.086347576
Ireland,Girls,1985,11,147.1585936,144.9578377,149.3721281,1.116344599
Ireland,Girls,1985,12,152.801274,150.5196017,155.0963346,1.15555876
Ireland,Girls,1985,13,156.7922422,154.4455116,159.1215403,1.201881174
Ireland,Girls,1985,14,159.3132307,156.8607737,161.7238707,1.254199305
Ireland,Girls,1985,15,160.7778614,158.2226592,163.326274,1.311803655
Ireland,Girls,1985,16,161.5217224,158.8682282,164.1414161,1.352944474
Ireland,Girls,1985,17,161.8299198,159.1529725,164.4479059,1.36114856
Ireland,Girls,1985,18,162.0241905,159.3188488,164.6951579,1.363687011
Ireland,Girls,1985,19,162.379857,159.5509638,165.1453136,1.401008506
Ireland,Girls,1986,5,112.6355902,110.4227185,114.9116311,1.138406386
Ireland,Girls,1986,6,118.5796277,116.5059529,120.6517842,1.058415194
Ireland,Girls,1986,7,124.1117182,122.0702238,126.1051269,1.028855671
Ireland,Girls,1986,8,129.5082576,127.4713545,131.5251182,1.023628955
Ireland,Girls,1986,9,135.0373594,132.9655314,137.0404241,1.029875958
Ireland,Girls,1986,10,140.9554349,138.8499646,142.9833316,1.045258111
Ireland,Girls,1986,11,147.2569565,145.1219048,149.3416822,1.070207791
Ireland,Girls,1986,12,152.9049367,150.706731,155.0797108,1.103824029
Ireland,Girls,1986,13,156.8995713,154.6420761,159.137846,1.144508817
Ireland,Girls,1986,14,159.4221774,157.081933,161.7199615,1.191764393
Ireland,Girls,1986,15,160.9174497,158.4759535,163.3260735,1.242766556
Ireland,Girls,1986,16,161.6653989,159.1846183,164.1315227,1.276206638
Ireland,Girls,1986,17,161.9710039,159.4733557,164.454508,1.275363267
Ireland,Girls,1986,18,162.164427,159.6686751,164.6199811,1.269444548
Ireland,Girls,1986,19,162.5202615,159.9270775,165.0924996,1.300813564
Ireland,Girls,1987,5,112.689907,110.5203325,114.9314512,1.120192429
Ireland,Girls,1987,6,118.6451349,116.5928378,120.6822279,1.036957455
Ireland,Girls,1987,7,124.1835294,122.1861419,126.1585759,1.004505078
Ireland,Girls,1987,8,129.5834843,127.6077607,131.5391642,0.995768669
Ireland,Girls,1987,9,135.118011,133.1087597,137.0748013,0.998092821
Ireland,Girls,1987,10,141.0416838,139.0211219,143.0095318,1.008762075
Ireland,Girls,1987,11,147.3494262,145.3032604,149.3351906,1.02782068
Ireland,Girls,1987,12,153.0032996,150.8966899,155.0939755,1.05670602
Ireland,Girls,1987,13,157.003234,154.8370794,159.1493882,1.09201727
Ireland,Girls,1987,14,159.5295066,157.3059891,161.7231581,1.133798537
Ireland,Girls,1987,15,161.0263964,158.7226167,163.3179049,1.179990491
Ireland,Girls,1987,16,161.8049873,159.4542245,164.1582852,1.206259677
Ireland,Girls,1987,17,162.1146805,159.7772445,164.430996,1.196043209
Ireland,Girls,1987,18,162.3055112,159.9865444,164.5978532,1.18038194
Ireland,Girls,1987,19,162.660498,160.2711425,165.0222573,1.206329135
Ireland,Girls,1988,5,112.7373647,110.6176549,114.9521741,1.101757044
Ireland,Girls,1988,6,118.6994516,116.6991805,120.7199062,1.016339989
Ireland,Girls,1988,7,124.2490365,122.2810147,126.1737421,0.98123343
Ireland,Girls,1988,8,129.6552955,127.7314879,131.5592353,0.969970843
Ireland,Girls,1988,9,135.1932377,133.2458942,137.1040407,0.968733869
Ireland,Girls,1988,10,141.1223353,139.1545566,143.0340218,0.975540609
Ireland,Girls,1988,11,147.435675,145.4530003,149.3653504,0.990002356
Ireland,Girls,1988,12,153.0957693,151.0759364,155.0781373,1.013324185
Ireland,Girls,1988,13,157.1015969,155.0387021,159.1464012,1.044216396
Ireland,Girls,1988,14,159.6331693,157.5159139,161.7398063,1.080879413
Ireland,Girls,1988,15,161.1337256,158.9461158,163.3089608,1.1217391
Ireland,Girls,1988,16,161.913934,159.6942312,164.1290302,1.142666384
Ireland,Girls,1988,17,162.2542688,160.0699667,164.449697,1.123567016
Ireland,Girls,1988,18,162.4491877,160.3124575,164.6071164,1.097774671
Ireland,Girls,1988,19,162.8015821,160.5870215,164.9954806,1.117566945
Ireland,Girls,1989,5,112.7770513,110.7149788,114.9445278,1.083205587
Ireland,Girls,1989,6,118.7469094,116.8010842,120.7247274,0.99552612
Ireland,Girls,1989,7,124.3033533,122.4029112,126.1821916,0.958841689
Ireland,Girls,1989,8,129.7208027,127.8213091,131.5752913,0.945248843
Ireland,Girls,1989,9,135.2650489,133.3859648,137.1239533,0.941593675
Ireland,Girls,1989,10,141.1975621,139.3035745,143.0446382,0.944762736
Ireland,Girls,1989,11,147.5163266,145.6086227,149.3861935,0.955451618
Ireland,Girls,1989,12,153.1820182,151.233022,155.0778136,0.974485918
Ireland,Girls,1989,13,157.1940666,155.183353,159.1568066,1.000195104
Ireland,Girls,1989,14,159.7315321,157.6771329,161.7734101,1.032754801
Ireland,Girls,1989,15,161.2373883,159.1463035,163.3308579,1.068755603
Ireland,Girls,1989,16,162.0212631,159.9132211,164.1526814,1.083737801
Ireland,Girls,1989,17,162.3632155,160.3001896,164.4339783,1.057577403
Ireland,Girls,1989,18,162.5887761,160.5960991,164.6161242,1.02205532
Ireland,Girls,1989,19,162.9452587,160.9008802,165.0105815,1.03545755
Ireland,Girls,1990,5,112.8106199,110.7666358,114.9267309,1.062293434
Ireland,Girls,1990,6,118.786596,116.8662388,120.7041913,0.974761462
Ireland,Girls,1990,7,124.3508111,122.5120599,126.1806653,0.936237355
Ireland,Girls,1990,8,129.7751194,127.930357,131.5653332,0.921440968
Ireland,Girls,1990,9,135.3305561,133.5000884,137.1271865,0.915572576
Ireland,Girls,1990,10,141.2693733,139.4373787,143.0521769,0.916385796
Ireland,Girls,1990,11,147.5915533,145.76372,149.3952553,0.923445662
Ireland,Girls,1990,12,153.2626697,151.4073659,155.0870357,0.938890171
Ireland,Girls,1990,13,157.2803155,155.3554611,159.1699684,0.960709575
Ireland,Girls,1990,14,159.8240019,157.8601439,161.7761698,0.988527572
Ireland,Girls,1990,15,161.3357511,159.3138278,163.3638843,1.020715626
Ireland,Girls,1990,16,162.1249258,160.096257,164.1304311,1.030350032
Ireland,Girls,1990,17,162.4705447,160.5451414,164.4237484,0.996491589
Ireland,Girls,1990,18,162.6977228,160.8197194,164.57248,0.952877285
Ireland,Girls,1990,19,163.084847,161.198062,164.9941905,0.960652229
Ireland,Girls,1991,5,112.8396631,110.8079636,114.9001644,1.040919534
Ireland,Girls,1991,6,118.8201646,116.9566086,120.684224,0.951763518
Ireland,Girls,1991,7,124.3904976,122.6089999,126.160309,0.913852489
Ireland,Girls,1991,8,129.8225772,128.0598577,131.5760697,0.89739954
Ireland,Girls,1991,9,135.3848728,133.6088615,137.1240768,0.890491229
Ireland,Girls,1991,10,141.3348804,139.5684073,143.0729828,0.889204469
Ireland,Girls,1991,11,147.6633646,145.8883105,149.3945076,0.894016863
Ireland,Girls,1991,12,153.3378965,151.5393636,155.0945156,0.905996701
Ireland,Girls,1991,13,157.360967,155.5018183,159.1619536,0.924443431
Ireland,Girls,1991,14,159.9102507,158.0101196,161.757705,0.948835747
Ireland,Girls,1991,15,161.4282208,159.4868746,163.3643446,0.976784416
Ireland,Girls,1991,16,162.2232887,160.2864275,164.1392769,0.982196021
Ireland,Girls,1991,17,162.5742074,160.75164,164.4186877,0.941265314
Ireland,Girls,1991,18,162.8050519,161.0608894,164.5491457,0.888952718
Ireland,Girls,1991,19,163.1937938,161.4259233,164.982668,0.892759401
Ireland,Girls,1992,5,112.8638655,110.8751391,114.8720002,1.018148082
Ireland,Girls,1992,6,118.8492078,117.0131681,120.6701135,0.928021499
Ireland,Girls,1992,7,124.4240662,122.7037824,126.1561757,0.889373388
Ireland,Girls,1992,8,129.8622638,128.1707822,131.5617497,0.873731427
Ireland,Girls,1992,9,135.4323306,133.7294421,137.1031978,0.865184759
Ireland,Girls,1992,10,141.3891972,139.6807792,143.0698662,0.863003238
Ireland,Girls,1992,11,147.7288717,146.0159208,149.3971884,0.865879142
Ireland,Girls,1992,12,153.4097077,151.6603939,155.1067467,0.875849799
Ireland,Girls,1992,13,157.4361938,155.6440943,159.1570088,0.891058891
Ireland,Girls,1992,14,159.9909023,158.1647378,161.7550085,0.912339646
Ireland,Girls,1992,15,161.5144697,159.6323352,163.3526768,0.937399745
Ireland,Girls,1992,16,162.3157584,160.4555652,164.1443154,0.938546239
Ireland,Girls,1992,17,162.6725702,160.9267888,164.4054928,0.89175368
Ireland,Girls,1992,18,162.9087146,161.3009402,164.5326657,0.831218092
Ireland,Girls,1992,19,163.3011229,161.6701583,164.9609572,0.831073715
Ireland,Girls,1993,5,112.888921,110.9353065,114.8549362,0.99507842
Ireland,Girls,1993,6,118.8734101,117.1081572,120.6381329,0.902625143
Ireland,Girls,1993,7,124.4531095,122.7907935,126.1179041,0.864026648
Ireland,Girls,1993,8,129.8958324,128.2435886,131.5548873,0.848100738
Ireland,Girls,1993,9,135.4720172,133.8232935,137.0776759,0.840380151
Ireland,Girls,1993,10,141.4366549,139.7850859,143.0551334,0.836614992
Ireland,Girls,1993,11,147.7831885,146.1112022,149.3847112,0.838803583
Ireland,Girls,1993,12,153.4752148,151.7728558,155.1067312,0.847123853
Ireland,Girls,1993,13,157.508005,155.7749294,159.1571132,0.860587698
Ireland,Girls,1993,14,160.066129,158.3142245,161.7586063,0.878954302
Ireland,Girls,1993,15,161.5951213,159.7969186,163.3676351,0.901200247
Ireland,Girls,1993,16,162.4020073,160.5854077,164.148568,0.899658675
Ireland,Girls,1993,17,162.7650399,161.0877317,164.3991035,0.847383487
Ireland,Girls,1993,18,163.0070775,161.4874621,164.5306892,0.779770973
Ireland,Girls,1993,19,163.4047856,161.8901551,164.9508439,0.776165023
Ireland,Girls,1994,5,112.9144439,111.0227359,114.845965,0.971040451
Ireland,Girls,1994,6,118.8984657,117.1907591,120.615878,0.876782875
Ireland,Girls,1994,7,124.4773118,122.8645777,126.1192588,0.83693476
Ireland,Girls,1994,8,129.9248756,128.3248005,131.5311144,0.821604895
Ireland,Girls,1994,9,135.5055858,133.9046103,137.088738,0.813743916
Ireland,Girls,1994,10,141.4763415,139.8707443,143.0316033,0.81085356
Ireland,Girls,1994,11,147.8306462,146.2017115,149.3834171,0.811608113
Ireland,Girls,1994,12,153.5295316,151.8749749,155.1052857,0.819584731
Ireland,Girls,1994,13,157.5735121,155.8874678,159.1651314,0.831720519
Ireland,Girls,1994,14,160.1379402,158.4309918,161.7694984,0.848626562
Ireland,Girls,1994,15,161.670348,159.9236239,163.3584034,0.868431105
Ireland,Girls,1994,16,162.4826588,160.7305955,164.1779724,0.864088831
Ireland,Girls,1994,17,162.8512888,161.230219,164.4132134,0.808390968
Ireland,Girls,1994,18,163.0995472,161.6537744,164.5454839,0.734338963
Ireland,Girls,1994,19,163.5031484,162.069022,164.9554104,0.728548604
Ireland,Girls,1995,5,112.9411311,111.0995929,114.8208423,0.945829722
Ireland,Girls,1995,6,118.9239886,117.2742371,120.5987747,0.849703778
Ireland,Girls,1995,7,124.5023673,122.9327987,126.1028308,0.809353846
Ireland,Girls,1995,8,129.9490779,128.3995278,131.5017738,0.793418609
Ireland,Girls,1995,9,135.534629,133.9956914,137.0704391,0.786327716
Ireland,Girls,1995,10,141.5099101,139.9549507,143.0102371,0.783379167
Ireland,Girls,1995,11,147.8703328,146.2856976,149.3764287,0.785187263
Ireland,Girls,1995,12,153.5769893,151.9725592,155.101287,0.792054948
Ireland,Girls,1995,13,157.6278289,155.9969539,159.1770729,0.804201674
Ireland,Girls,1995,14,160.2034473,158.5400145,161.7769809,0.82014379
Ireland,Girls,1995,15,161.7421592,160.0541503,163.3624891,0.8388369
Ireland,Girls,1995,16,162.5578856,160.8579429,164.1845071,0.832434992
Ireland,Girls,1995,17,162.9319404,161.3984302,164.4146917,0.773129116
Ireland,Girls,1995,18,163.1857961,161.8065384,164.5460848,0.695245585
Ireland,Girls,1995,19,163.5956182,162.2397687,164.9591242,0.688352556
Ireland,Girls,1996,5,112.9684418,111.1850129,114.7744788,0.91971561
Ireland,Girls,1996,6,118.9506757,117.3651927,120.5632695,0.821130359
Ireland,Girls,1996,7,124.5278902,123.0249631,126.0776696,0.780434879
Ireland,Girls,1996,8,129.9741335,128.5014487,131.4771522,0.764824307
Ireland,Girls,1996,9,135.5588313,134.0799638,137.0462382,0.757388118
Ireland,Girls,1996,10,141.5389533,140.0371167,143.0051975,0.75532439
Ireland,Girls,1996,11,147.9039014,146.3820286,149.3581461,0.757152497
Ireland,Girls,1996,12,153.6166759,152.0731671,155.0888256,0.765470409
Ireland,Girls,1996,13,157.6752867,156.0905302,159.1745719,0.776915954
Ireland,Girls,1996,14,160.2577641,158.6520158,161.781771,0.793218377
Ireland,Girls,1996,15,161.8076663,160.1649285,163.3620268,0.811384007
Ireland,Girls,1996,16,162.6296968,161.0003067,164.1923213,0.804222376
Ireland,Girls,1996,17,163.0071671,161.4975327,164.4381793,0.742667577
Ireland,Girls,1996,18,163.2664476,161.9430018,164.5621919,0.660771142
Ireland,Girls,1996,19,163.681867,162.391685,164.9899683,0.656040876
Ireland,Girls,1997,5,112.9974205,111.2597604,114.774654,0.893064966
Ireland,Girls,1997,6,118.9779865,117.4339801,120.5411692,0.791528202
Ireland,Girls,1997,7,124.5545774,123.1282828,126.0227271,0.749911035
Ireland,Girls,1997,8,129.9996564,128.5869755,131.4613545,0.734929431
Ireland,Girls,1997,9,135.5838869,134.1633582,137.0352247,0.728240112
Ireland,Girls,1997,10,141.5631557,140.1374263,142.9825319,0.7260144
Ireland,Girls,1997,11,147.9329446,146.4672542,149.3250572,0.728890164
Ireland,Girls,1997,12,153.6502445,152.1488227,155.0752717,0.737388717
Ireland,Girls,1997,13,157.7149732,156.1822931,159.1516632,0.750766781
Ireland,Girls,1997,14,160.3052219,158.7526039,161.7785541,0.766865982
Ireland,Girls,1997,15,161.8619831,160.2689624,163.3584483,0.785761574
Ireland,Girls,1997,16,162.6952039,161.1168481,164.1908249,0.778537523
Ireland,Girls,1997,17,163.0789783,161.6290885,164.4683382,0.71629082
Ireland,Girls,1997,18,163.3416744,162.0797585,164.5792889,0.632299235
Ireland,Girls,1997,19,163.7625186,162.5255397,165.0206074,0.629908275
Ireland,Girls,1998,5,113.0236689,111.3293749,114.7379981,0.865916792
Ireland,Girls,1998,6,119.0069651,117.5245516,120.5041546,0.761172347
Ireland,Girls,1998,7,124.5818882,123.2061446,125.9920777,0.718383042
Ireland,Girls,1998,8,130.0263435,128.680549,131.4199054,0.703525374
Ireland,Girls,1998,9,135.6094098,134.2581404,136.9847164,0.69792238
Ireland,Girls,1998,10,141.5882112,140.2239951,142.957795,0.696778528
Ireland,Girls,1998,11,147.9571469,146.5705965,149.3024822,0.699744234
Ireland,Girls,1998,12,153.6792877,152.2401632,155.0417704,0.709544443
Ireland,Girls,1998,13,157.7485418,156.2873901,159.1354207,0.723292011
Ireland,Girls,1998,14,160.3449084,158.8419319,161.7631403,0.741905086
Ireland,Girls,1998,15,161.9094409,160.3661173,163.3583863,0.761189553
Ireland,Girls,1998,16,162.7495207,161.2260612,164.187165,0.755120266
Ireland,Girls,1998,17,163.1444854,161.7305139,164.4748287,0.693071274
Ireland,Girls,1998,18,163.4134856,162.1916535,164.5955918,0.60899242
Ireland,Girls,1998,19,163.8377453,162.6597366,165.0576961,0.610985123
Ireland,Girls,1999,5,113.0407073,111.4041936,114.7034937,0.837906895
Ireland,Girls,1999,6,119.0332136,117.608226,120.4784996,0.730405188
Ireland,Girls,1999,7,124.6108668,123.2962041,125.9348221,0.686035793
Ireland,Girls,1999,8,130.0536543,128.7660914,131.381228,0.671310911
Ireland,Girls,1999,9,135.6360969,134.3531403,136.9573538,0.666357852
Ireland,Girls,1999,10,141.6137341,140.3165213,142.9150391,0.666630877
Ireland,Girls,1999,11,147.9822025,146.6623707,149.2706072,0.671008003
Ireland,Girls,1999,12,153.7034901,152.3427474,155.0050104,0.681322881
Ireland,Girls,1999,13,157.777585,156.3817998,159.1149493,0.696562876
Ireland,Girls,1999,14,160.3784771,158.9398299,161.7472596,0.715896878
Ireland,Girls,1999,15,161.9491274,160.4495395,163.3634395,0.738361659
Ireland,Girls,1999,16,162.7969784,161.3042682,164.1976685,0.733473009
Ireland,Girls,1999,17,163.1988022,161.835085,164.482016,0.672804758
Ireland,Girls,1999,18,163.4789927,162.2910597,164.6238957,0.589691215
Ireland,Girls,1999,19,163.9095565,162.7567065,165.1068968,0.598367105
Ireland,Girls,2000,5,113.051889,111.4585734,114.6482969,0.809010614
Ireland,Girls,2000,6,119.050252,117.693078,120.4180057,0.698827786
Ireland,Girls,2000,7,124.6371153,123.3827083,125.9029056,0.653541612
Ireland,Girls,2000,8,130.0826329,128.8568087,131.3348603,0.638389378
Ireland,Girls,2000,9,135.6634077,134.4704772,136.9059565,0.634337571
Ireland,Girls,2000,10,141.6404213,140.405675,142.8781548,0.635666149
Ireland,Girls,2000,11,148.0077254,146.760149,149.240014,0.641796128
Ireland,Girls,2000,12,153.7285456,152.4336791,154.9752419,0.653944956
Ireland,Girls,2000,13,157.8017874,156.4541983,159.100767,0.670101787
Ireland,Girls,2000,14,160.4075203,159.0210157,161.730582,0.691180685
Ireland,Girls,2000,15,161.9826961,160.5228481,163.3439607,0.714926146
Ireland,Girls,2000,16,162.836665,161.3921007,164.2000703,0.714041457
Ireland,Girls,2000,17,163.24626,161.9239997,164.5010177,0.655507323
Ireland,Girls,2000,18,163.5333095,162.3655956,164.6502606,0.574429981
Ireland,Girls,2000,19,163.9750636,162.8335709,165.166379,0.590229266
Ireland,Girls,2001,5,113.0588381,111.5207966,114.6151974,0.780898462
Ireland,Girls,2001,6,119.0614337,117.7831431,120.3837697,0.666343449
Ireland,Girls,2001,7,124.6541536,123.4512052,125.8525047,0.620480857
Ireland,Girls,2001,8,130.1088814,128.9558582,131.2868904,0.605774659
Ireland,Girls,2001,9,135.6923863,134.568062,136.8676471,0.601878475
Ireland,Girls,2001,10,141.667732,140.5006895,142.8350231,0.6047713
Ireland,Girls,2001,11,148.0344125,146.836921,149.2110808,0.612370836
Ireland,Girls,2001,12,153.7540685,152.5138629,154.9723144,0.626713421
Ireland,Girls,2001,13,157.8268429,156.5400159,159.0906291,0.645041233
Ireland,Girls,2001,14,160.4317226,159.0796685,161.7151639,0.667476892
Ireland,Girls,2001,15,162.0117393,160.6067938,163.3401359,0.693370773
Ireland,Girls,2001,16,162.8702336,161.46943,164.2095803,0.694745487
Ireland,Girls,2001,17,163.2859465,161.986535,164.5125781,0.641138608
Ireland,Girls,2001,18,163.5807672,162.449271,164.6697022,0.563799372
Ireland,Girls,2001,19,164.0293804,162.9113847,165.209584,0.586839619
Ireland,Girls,2002,5,113.0684933,111.5896139,114.5644488,0.752323195
Ireland,Girls,2002,6,119.0683828,117.8392723,120.3217072,0.634915987
Ireland,Girls,2002,7,124.6653354,123.5195897,125.7982675,0.586783591
Ireland,Girls,2002,8,130.1259198,129.0373052,131.2391342,0.573055253
Ireland,Girls,2002,9,135.7186348,134.6270973,136.8328979,0.570345521
Ireland,Girls,2002,10,141.6967107,140.6056537,142.8126245,0.573870247
Ireland,Girls,2002,11,148.0617233,146.9204747,149.1958992,0.583713372
Ireland,Girls,2002,12,153.7807557,152.5983381,154.9335867,0.600030832
Ireland,Girls,2002,13,157.8523658,156.6188709,159.062596,0.620889559
Ireland,Girls,2002,14,160.4567781,159.1549817,161.7067867,0.645781024
Ireland,Girls,2002,15,162.0359416,160.6830995,163.3299758,0.673593686
Ireland,Girls,2002,16,162.8992768,161.5428286,164.2086011,0.678079414
Ireland,Girls,2002,17,163.3195151,162.0526106,164.5294888,0.628177246
Ireland,Girls,2002,18,163.6204538,162.5026789,164.7113447,0.557028428
Ireland,Girls,2002,19,164.0768382,162.9336083,165.2653131,0.589220303
Ireland,Girls,2003,5,113.0865893,111.6700676,114.5176761,0.72401083
Ireland,Girls,2003,6,119.0780379,117.9019043,120.2746658,0.603244904
Ireland,Girls,2003,7,124.6722844,123.5792191,125.7421223,0.554594574
Ireland,Girls,2003,8,130.1371015,129.1008325,131.1816586,0.540244328
Ireland,Girls,2003,9,135.7356732,134.701902,136.7892996,0.539359073
Ireland,Girls,2003,10,141.7229591,140.6727416,142.7879162,0.544685605
Ireland,Girls,2003,11,148.090702,147.0218648,149.1780633,0.555649721
Ireland,Girls,2003,12,153.8080664,152.6867573,154.9232072,0.574942671
Ireland,Girls,2003,13,157.879053,156.6876195,159.0318922,0.598134153
Ireland,Girls,2003,14,160.482301,159.2347831,161.6890665,0.625841483
Ireland,Girls,2003,15,162.0609971,160.7550351,163.3333618,0.656373351
Ireland,Girls,2003,16,162.9234792,161.597882,164.2156211,0.663938157
Ireland,Girls,2003,17,163.3485584,162.1001798,164.5613442,0.618835852
Ireland,Girls,2003,18,163.6540224,162.5545157,164.732339,0.553596173
Ireland,Girls,2003,19,164.1165248,162.9707692,165.3021963,0.59542494
Ireland,Girls,2004,5,113.1153244,111.7489974,114.4761206,0.696699316
Ireland,Girls,2004,6,119.096134,117.9796028,120.2406294,0.571932529
Ireland,Girls,2004,7,124.6819396,123.6607134,125.7158457,0.522613258
Ireland,Girls,2004,8,130.1440506,129.1519752,131.1468837,0.509582771
Ireland,Girls,2004,9,135.7468549,134.7600965,136.7370649,0.509000662
Ireland,Girls,2004,10,141.7399975,140.7374774,142.7490593,0.516841065
Ireland,Girls,2004,11,148.1169504,147.1069005,149.1619638,0.530232074
Ireland,Girls,2004,12,153.8370451,152.7541462,154.8937298,0.551183985
Ireland,Girls,2004,13,157.9063637,156.7512348,159.0145003,0.57782195
Ireland,Girls,2004,14,160.5089882,159.2886176,161.6813041,0.608137548
Ireland,Girls,2004,15,162.08652,160.8097192,163.3209771,0.641747947
Ireland,Girls,2004,16,162.9485347,161.6507018,164.2268842,0.652848136
Ireland,Girls,2004,17,163.3727607,162.1310224,164.5763723,0.612795629
Ireland,Girls,2004,18,163.6830656,162.5922567,164.7651859,0.55477576
Ireland,Girls,2004,19,164.1500934,162.9706916,165.3478985,0.606537986
Ireland,Girls,2005,5,113.1573792,111.8388831,114.4941404,0.671174877
Ireland,Girls,2005,6,119.124869,118.0649765,120.2119604,0.542045218
Ireland,Girls,2005,7,124.7000357,123.7489507,125.6857977,0.491410354
Ireland,Girls,2005,8,130.1537057,129.2178144,131.1060056,0.479822242
Ireland,Girls,2005,9,135.753804,134.8074539,136.6890563,0.481539503
Ireland,Girls,2005,10,141.7511792,140.8040269,142.6935377,0.490498793
Ireland,Girls,2005,11,148.1339888,147.1611279,149.1333586,0.506990318
Ireland,Girls,2005,12,153.8632935,152.822009,154.9038329,0.530987371
Ireland,Girls,2005,13,157.9353424,156.8254981,159.0080266,0.559598386
Ireland,Girls,2005,14,160.536299,159.35866,161.6714743,0.593641514
Ireland,Girls,2005,15,162.1132072,160.8665962,163.3424425,0.630067008
Ireland,Girls,2005,16,162.9740576,161.6810233,164.2360454,0.645172584
Ireland,Girls,2005,17,163.3978162,162.1585263,164.5849681,0.610210994
Ireland,Girls,2005,18,163.707268,162.6032708,164.7907022,0.559632832
Ireland,Girls,2005,19,164.1791366,162.9790785,165.4057134,0.621762185
Ireland,Girls,2006,5,113.2046253,111.9356476,114.4963323,0.647233378
Ireland,Girls,2006,6,119.1669239,118.1619529,120.2213058,0.514339914
Ireland,Girls,2006,7,124.7287707,123.8399502,125.6668724,0.462250811
Ireland,Girls,2006,8,130.1718018,129.2899178,131.0777671,0.451550474
Ireland,Girls,2006,9,135.7634591,134.8751685,136.652509,0.4557973
Ireland,Girls,2006,10,141.7581283,140.8378173,142.6563214,0.467829594
Ireland,Girls,2006,11,148.1451705,147.2093799,149.0965556,0.48620105
Ireland,Girls,2006,12,153.8803319,152.8761443,154.8916511,0.513681795
Ireland,Girls,2006,13,157.9615908,156.8917891,159.0205002,0.545634959
Ireland,Girls,2006,14,160.5652776,159.4158783,161.675931,0.581862385
Ireland,Girls,2006,15,162.140518,160.9178189,163.3545152,0.622149794
Ireland,Girls,2006,16,163.0007448,161.7142468,164.2512358,0.640965582
Ireland,Girls,2006,17,163.4233391,162.1726184,164.6172645,0.61166548
Ireland,Girls,2006,18,163.7323235,162.626534,164.8399384,0.567841164
Ireland,Girls,2006,19,164.2033389,162.9926654,165.4680234,0.639437664
Ireland,Girls,2007,5,113.2552183,112.0264825,114.5152608,0.62662537
Ireland,Girls,2007,6,119.21417,118.2509133,120.2200789,0.489243066
Ireland,Girls,2007,7,124.7708255,123.9264436,125.6527234,0.435839049
Ireland,Girls,2007,8,130.2005368,129.3688138,131.0484519,0.426160072
Ireland,Girls,2007,9,135.7815552,134.9295477,136.6349001,0.432308788
Ireland,Girls,2007,10,141.7677835,140.8811106,142.633251,0.447659513
Ireland,Girls,2007,11,148.1521196,147.2300235,149.06193,0.469732369
Ireland,Girls,2007,12,153.8915136,152.9282655,154.8669015,0.49960471
Ireland,Girls,2007,13,157.9786292,156.9298741,159.0172095,0.534983994
Ireland,Girls,2007,14,160.5915261,159.4632356,161.7007797,0.574692322
Ireland,Girls,2007,15,162.1694966,160.942018,163.3714163,0.617304401
Ireland,Girls,2007,16,163.0280555,161.7560372,164.2810789,0.640797252
Ireland,Girls,2007,17,163.4500263,162.2259938,164.6547938,0.61685028
Ireland,Girls,2007,18,163.7578464,162.6317308,164.9021915,0.580160749
Ireland,Girls,2007,19,164.2283945,162.9859901,165.5131371,0.658908835
Ireland,Girls,2008,5,113.3031129,112.0988894,114.508988,0.608948303
Ireland,Girls,2008,6,119.264763,118.3435281,120.2243948,0.469101529
Ireland,Girls,2008,7,124.8180716,124.0189047,125.6476778,0.413243218
Ireland,Girls,2008,8,130.2425917,129.440291,131.0432258,0.404309791
Ireland,Girls,2008,9,135.8102902,135.0036362,136.6164216,0.412578424
Ireland,Girls,2008,10,141.7858795,140.9299852,142.6183706,0.430398125
Ireland,Girls,2008,11,148.1617747,147.2689128,149.0313815,0.456287914
Ireland,Girls,2008,12,153.8984627,152.9428386,154.8440783,0.490114858
Ireland,Girls,2008,13,157.9898109,156.954258,159.0172622,0.527947005
Ireland,Girls,2008,14,160.6085644,159.4885171,161.7092186,0.570871269
Ireland,Girls,2008,15,162.1957451,160.9813554,163.3977189,0.617005537
Ireland,Girls,2008,16,163.0570342,161.7961657,164.3096842,0.643762834
Ireland,Girls,2008,17,163.4773371,162.2402083,164.6981017,0.625917956
Ireland,Girls,2008,18,163.7845336,162.6441236,164.9553154,0.595833215
Ireland,Girls,2008,19,164.2539173,162.9637174,165.5887006,0.681027461
Ireland,Girls,2009,5,113.3483711,112.178868,114.5261676,0.595304595
Ireland,Girls,2009,6,119.3126575,118.414335,120.234446,0.45359513
Ireland,Girls,2009,7,124.8686646,124.1037818,125.6651724,0.397341147
Ireland,Girls,2009,8,130.2898378,129.5180022,131.0531996,0.387459062
Ireland,Girls,2009,9,135.8523451,135.0657874,136.6271667,0.397208293
Ireland,Girls,2009,10,141.8146146,140.991462,142.6142138,0.417512831
Ireland,Girls,2009,11,148.1798708,147.3018834,149.0356446,0.446129694
Ireland,Girls,2009,12,153.9081179,152.9620375,154.8543752,0.483774876
Ireland,Girls,2009,13,157.99676,156.946575,159.0176454,0.525286668
Ireland,Girls,2009,14,160.6197462,159.4956234,161.7290899,0.570647334
Ireland,Girls,2009,15,162.2127834,160.967439,163.416824,0.619731342
Ireland,Girls,2009,16,163.0832826,161.8037821,164.3443816,0.650758651
Ireland,Girls,2009,17,163.5063157,162.2422264,164.7399396,0.637764174
Ireland,Girls,2009,18,163.8118443,162.6201562,165.0149183,0.614535292
Ireland,Girls,2009,19,164.2806045,162.9374771,165.673834,0.704944927
Ireland,Girls,2010,5,113.3862363,112.2309186,114.5379565,0.586316797
Ireland,Girls,2010,6,119.3579158,118.487936,120.2480482,0.444643748
Ireland,Girls,2010,7,124.9165592,124.1638432,125.6881454,0.387957362
Ireland,Girls,2010,8,130.3404307,129.5933598,131.078478,0.378603174
Ireland,Girls,2010,9,135.8995912,135.1271445,136.6481103,0.387671955
Ireland,Girls,2010,10,141.8566694,141.0419249,142.6393574,0.409491226
Ireland,Girls,2010,11,148.2086058,147.3441388,149.0635741,0.440449419
Ireland,Girls,2010,12,153.9262139,152.985689,154.877626,0.480699531
Ireland,Girls,2010,13,158.0064152,156.9582183,159.0269022,0.525548952
Ireland,Girls,2010,14,160.6266953,159.4830809,161.7356203,0.574206652
Ireland,Girls,2010,15,162.2239652,160.9658017,163.4278193,0.625728371
Ireland,Girls,2010,16,163.100321,161.7865102,164.3603754,0.660212738
Ireland,Girls,2010,17,163.5325642,162.2610018,164.7934019,0.652644929
Ireland,Girls,2010,18,163.840823,162.5935895,165.0843517,0.635095399
Ireland,Girls,2010,19,164.3079153,162.916484,165.7413639,0.730067815
Ireland,Girls,2011,5,113.4160859,112.2737845,114.5636445,0.581804228
Ireland,Girls,2011,6,119.395781,118.51372,120.2781326,0.442915091
Ireland,Girls,2011,7,124.9618175,124.1924088,125.7243688,0.387385515
Ireland,Girls,2011,8,130.3883253,129.6423503,131.1224468,0.377451937
Ireland,Girls,2011,9,135.9501842,135.1818546,136.7011797,0.386633793
Ireland,Girls,2011,10,141.9039155,141.0922302,142.6927693,0.407482105
Ireland,Girls,2011,11,148.2506607,147.3880088,149.1103612,0.43960828
Ireland,Girls,2011,12,153.954949,152.9986358,154.9061972,0.481691239
Ireland,Girls,2011,13,158.0245112,156.978697,159.0630843,0.528743782
Ireland,Girls,2011,14,160.6363504,159.4846635,161.7672032,0.580219054
Ireland,Girls,2011,15,162.2309143,160.9436079,163.4525808,0.634702005
Ireland,Girls,2011,16,163.1115027,161.7647138,164.3998298,0.67235403
Ireland,Girls,2011,17,163.5496025,162.2580448,164.8426608,0.669286006
Ireland,Girls,2011,18,163.8670714,162.5767567,165.157556,0.657133222
Ireland,Girls,2011,19,164.3368939,162.8932887,165.8186126,0.755615544
Ireland,Girls,2012,5,113.4387456,112.2868041,114.5881897,0.584461891
Ireland,Girls,2012,6,119.4256306,118.5259957,120.298743,0.449024459
Ireland,Girls,2012,7,124.9996827,124.2075471,125.766521,0.395978363
Ireland,Girls,2012,8,130.4335836,129.6706297,131.1677451,0.385960047
Ireland,Girls,2012,9,135.9980787,135.2240542,136.7654159,0.393446949
Ireland,Girls,2012,10,141.9545085,141.1346796,142.7735091,0.413617591
Ireland,Girls,2012,11,148.2979068,147.4093996,149.1560982,0.444283085
Ireland,Girls,2012,12,153.9970038,153.0372634,154.9353261,0.487093017
Ireland,Girls,2012,13,158.0532463,156.9957644,159.0992944,0.535331698
Ireland,Girls,2012,14,160.6544465,159.4852421,161.8013003,0.588665054
Ireland,Girls,2012,15,162.2405694,160.9519259,163.498932,0.645537561
Ireland,Girls,2012,16,163.1184518,161.7590072,164.4405505,0.68658482
Ireland,Girls,2012,17,163.5607843,162.2184821,164.8962448,0.687785256
Ireland,Girls,2012,18,163.8841098,162.5682865,165.2392223,0.680051854
Ireland,Girls,2012,19,164.3631424,162.8784386,165.8726059,0.78057335
Ireland,Girls,2013,5,113.4578348,112.279562,114.6228675,0.596613154
Ireland,Girls,2013,6,119.4482903,118.5231343,120.3585045,0.465456039
Ireland,Girls,2013,7,125.0295322,124.1832415,125.8288214,0.414369432
Ireland,Girls,2013,8,130.4714488,129.672908,131.2484834,0.403964606
Ireland,Girls,2013,9,136.043337,135.2243906,136.8388796,0.409496968
Ireland,Girls,2013,10,142.002403,141.1505373,142.84798,0.426940747
Ireland,Girls,2013,11,148.3484998,147.4365967,149.236577,0.456167322
Ireland,Girls,2013,12,154.0442499,153.0791573,155.0108352,0.497107593
Ireland,Girls,2013,13,158.0953011,157.0127898,159.1428073,0.545783526
Ireland,Girls,2013,14,160.6831815,159.4958064,161.8599883,0.59976441
Ireland,Girls,2013,15,162.2586655,160.9521682,163.547036,0.658261082
Ireland,Girls,2013,16,163.128107,161.7252974,164.4922383,0.702014675
Ireland,Girls,2013,17,163.5677333,162.1899444,164.9470231,0.70741237
Ireland,Girls,2013,18,163.8952915,162.5225727,165.2891922,0.703753254
Ireland,Girls,2013,19,164.3801807,162.8464128,165.9575125,0.80563485
Ireland,Girls,2014,5,113.4783444,112.2615095,114.6887545,0.620639681
Ireland,Girls,2014,6,119.4673795,118.5042947,120.4382231,0.49360118
Ireland,Girls,2014,7,125.0521919,124.168248,125.9158968,0.443987795
Ireland,Girls,2014,8,130.5012984,129.6322553,131.3451147,0.431776173
Ireland,Girls,2014,9,136.0812022,135.2184735,136.9314506,0.434363033
Ireland,Girls,2014,10,142.0476613,141.1535348,142.9245985,0.448368108
Ireland,Girls,2014,11,148.3963943,147.455808,149.3251879,0.474198741
Ireland,Girls,2014,12,154.0948429,153.0860707,155.085441,0.513176362
Ireland,Girls,2014,13,158.1425472,157.0479943,159.2201249,0.559874389
Ireland,Girls,2014,14,160.7252363,159.5052394,161.9273246,0.61418011
Ireland,Girls,2014,15,162.2874005,160.9494326,163.6022727,0.672949077
Ireland,Girls,2014,16,163.146203,161.7140394,164.5225769,0.718768943
Ireland,Girls,2014,17,163.5773885,162.1431701,165.0094263,0.727584393
Ireland,Girls,2014,18,163.9022406,162.4893768,165.3517633,0.727663753
Ireland,Girls,2014,19,164.3913625,162.8134058,166.0273834,0.830357025
Ireland,Girls,2015,5,113.4996443,112.200694,114.7675708,0.657256756
Ireland,Girls,2015,6,119.4878891,118.4442325,120.5312323,0.534526113
Ireland,Girls,2015,7,125.0712811,124.1083385,126.0174986,0.484750124
Ireland,Girls,2015,8,130.523958,129.583929,131.4312194,0.469981865
Ireland,Girls,2015,9,136.1110518,135.1699319,137.0276008,0.468270218
Ireland,Girls,2015,10,142.0855265,141.1377567,143.013494,0.477589447
Ireland,Girls,2015,11,148.4416526,147.4460956,149.4269759,0.498978737
Ireland,Girls,2015,12,154.1427374,153.0833873,155.1800072,0.534256795
Ireland,Girls,2015,13,158.1931402,157.0570517,159.3038622,0.578930348
Ireland,Girls,2015,14,160.7724825,159.5241235,161.9966558,0.631346278
Ireland,Girls,2015,15,162.3294553,160.9562341,163.6744411,0.690424332
Ireland,Girls,2015,16,163.1749381,161.7302225,164.58812,0.736862977
Ireland,Girls,2015,17,163.5954846,162.1135701,165.059544,0.748518431
Ireland,Girls,2015,18,163.9118958,162.4429215,165.3854242,0.751409443
Ireland,Girls,2015,19,164.3983116,162.7846909,166.0736501,0.854629198
Ireland,Girls,2016,5,113.5170615,112.1355233,114.8898081,0.706518265
Ireland,Girls,2016,6,119.509189,118.3674714,120.6592896,0.587906586
Ireland,Girls,2016,7,125.0917907,124.0244623,126.1422423,0.536812488
Ireland,Girls,2016,8,130.5430472,129.5115228,131.5550951,0.517743545
Ireland,Girls,2016,9,136.1337115,135.1182649,137.1251926,0.511414147
Ireland,Girls,2016,10,142.1153761,141.0984947,143.1176198,0.514930501
Ireland,Girls,2016,11,148.4795178,147.4420101,149.5153501,0.530538847
Ireland,Girls,2016,12,154.1879957,153.0860023,155.2780784,0.560777727
Ireland,Girls,2016,13,158.2410348,157.0657318,159.4180555,0.601936349
Ireland,Girls,2016,14,160.8230754,159.5375113,162.08855,0.652490597
Ireland,Girls,2016,15,162.3767015,160.9742984,163.75322,0.709910847
Ireland,Girls,2016,16,163.2169929,161.7359558,164.6737128,0.757140184
Ireland,Girls,2016,17,163.6242196,162.1032954,165.1341561,0.770211612
Ireland,Girls,2016,18,163.9299918,162.415036,165.4622596,0.775422288
Ireland,Girls,2016,19,164.4079667,162.7484791,166.1323119,0.878243625
Ireland,Girls,2017,5,113.5331098,112.0209746,115.0227373,0.768526216
Ireland,Girls,2017,6,119.5266062,118.2434721,120.785233,0.652471169
Ireland,Girls,2017,7,125.1130906,123.9318468,126.2904438,0.599537223
Ireland,Girls,2017,8,130.5635568,129.4243295,131.6923611,0.575156883
Ireland,Girls,2017,9,136.1528007,135.0459043,137.2437634,0.562763905
Ireland,Girls,2017,10,142.1380358,141.048958,143.2300614,0.560482265
Ireland,Girls,2017,11,148.5093674,147.3978469,149.6248822,0.569337485
Ireland,Girls,2017,12,154.2258609,153.0812025,155.3828066,0.593145954
Ireland,Girls,2017,13,158.286293,157.0590513,159.5098253,0.629249778
Ireland,Girls,2017,14,160.87097,159.5279345,162.1872872,0.676663056
Ireland,Girls,2017,15,162.4272944,160.9750616,163.8441473,0.732481757
Ireland,Girls,2017,16,163.264239,161.7367955,164.7626269,0.778867855
Ireland,Girls,2017,17,163.6662744,162.1229834,165.21529,0.793303479
Ireland,Girls,2017,18,163.9587269,162.3921097,165.5387751,0.799745877
Ireland,Girls,2017,19,164.4260628,162.7163248,166.2017481,0.901853249
Ireland,Girls,2018,5,113.5485627,111.8934521,115.1859682,0.841457942
Ireland,Girls,2018,6,119.5426545,118.1091959,120.9480349,0.728226265
Ireland,Girls,2018,7,125.1305079,123.7983544,126.4310237,0.671361012
Ireland,Girls,2018,8,130.5848568,129.3102396,131.8349226,0.641766207
Ireland,Girls,2018,9,136.1733103,134.9531522,137.3751516,0.622596743
Ireland,Girls,2018,10,142.157125,140.9846275,143.3484407,0.61326216
Ireland,Girls,2018,11,148.5320271,147.3464593,149.735896,0.615520229
Ireland,Girls,2018,12,154.2557105,153.037687,155.4899174,0.631946948
Ireland,Girls,2018,13,158.3241582,157.0395124,159.6289035,0.661565819
Ireland,Girls,2018,14,160.9162283,159.5210111,162.296596,0.704174148
Ireland,Girls,2018,15,162.475189,160.9758606,163.9120424,0.757315816
Ireland,Girls,2018,16,163.314832,161.7323859,164.8494684,0.802860719
Ireland,Girls,2018,17,163.7135205,162.1236749,165.2804842,0.817443238
Ireland,Girls,2018,18,164.0007817,162.3775348,165.6175733,0.82458125
Ireland,Girls,2018,19,164.4547978,162.691004,166.2903329,0.925460775
Ireland,Girls,2019,5,113.56374,111.7394776,115.3487086,0.92452237
Ireland,Girls,2019,6,119.5581074,117.9482576,121.1250517,0.813111942
Ireland,Girls,2019,7,125.1465561,123.6430061,126.6112683,0.752688849
Ireland,Girls,2019,8,130.602274,129.1854717,131.9914579,0.716123922
Ireland,Girls,2019,9,136.1946102,134.8360244,137.5438132,0.690686352
Ireland,Girls,2019,10,142.1776346,140.8799652,143.4896803,0.673731999
Ireland,Girls,2019,11,148.5511163,147.263819,149.8721874,0.668230952
Ireland,Girls,2019,12,154.2783702,152.9722527,155.6119023,0.677444365
Ireland,Girls,2019,13,158.3540078,156.981324,159.7311018,0.699594932
Ireland,Girls,2019,14,160.9540935,159.4781523,162.4022909,0.735910998
Ireland,Girls,2019,15,162.5204473,160.9599839,164.0356787,0.784673056
Ireland,Girls,2019,16,163.3627266,161.7165853,164.957683,0.828445292
Ireland,Girls,2019,17,163.7641135,162.1256198,165.3755601,0.843140687
Ireland,Girls,2019,18,164.0480278,162.3646741,165.7068573,0.850154922
Ireland,Girls,2019,19,164.4968527,162.6961825,166.3664816,0.948634612
